CO2_Emissions,CO2_Emissions_Grid,CO2_Emissions_IP,Grid_REShare
694577.8109706284,694577.8109706284,0.0,0.6947797499968649
